{
    "1,14": 1.0000000000000002,
    "1,16": 1.0000000000000002,
    "1,31": 0.9441243146519177,
    "1,54": 0.9999999999999998,
    "1,55": 0.9999999999999998,
    "1,62": 0.8120454545731123,
    "1,77": 1.0,
    "1,90": 1.0,
    "2,6": 1.0,
    "2,9": 1.0,
    "2,10": 1.0,
    "2,12": 0.9999999999999999,
    "2,13": 1.0000000000000002,
    "2,16": 1.0000000000000002,
    "2,17": 0.9157242946978204,
    "2,50": 1.0,
    "2,70": 0.9999999999999998,
    "2,95": 0.999189736531372,
    "3,7": 1.0000000000000002,
    "3,13": 1.0,
    "3,28": 0.999264441767132,
    "3,29": 1.0,
    "3,45": 1.0,
    "3,46": 1.0,
    "3,47": 1.0,
    "3,61": 1.0,
    "3,73": 1.0,
    "3,93": 1.0,
    "3,96": 1.0,
    "4,29": 0.9999999999999999,
    "4,31": 1.0000000000000002,
    "4,35": 0.8783697496756061,
    "4,69": 1.0,
    "4,78": 1.0,
    "4,88": 1.0,
    "4,99": 0.9999999999999998,
    "5,8": 1.0,
    "5,19": 1.0000000000000002,
    "5,26": 1.0000000000000002,
    "5,28": 1.0000000000000002,
    "5,33": 1.0000000000000002,
    "5,36": 0.9999999999999998,
    "5,48": 1.0000000000000002,
    "5,52": 1.0,
    "5,55": 1.0,
    "5,79": 0.9908750432197302,
    "5,81": 1.0000000000000002,
    "5,89": 0.9999999999999998,
    "5,92": 1.0,
    "5,97": 1.0000000000000002,
    "6,9": 0.9999999999999999,
    "6,13": 1.0,
    "6,17": 1.0,
    "6,29": 1.0000000000000002,
    "6,30": 1.0,
    "6,35": 1.0,
    "6,40": 1.0,
    "6,50": 0.9999999999999999,
    "6,51": 0.9999999999999999,
    "6,92": 1.0000000000000002,
    "6,94": 1.0,
    "7,8": 1.0,
    "7,41": 0.9999999999999999,
    "7,42": 1.0000000000000002,
    "7,45": 1.0,
    "7,46": 1.0,
    "7,53": 1.0000000000000002,
    "7,55": 1.0,
    "7,56": 1.0,
    "7,60": 0.9730127958675359,
    "7,61": 1.0,
    "7,62": 0.9722630327303432,
    "7,63": 1.0000000000000002,
    "7,66": 1.0000000000000002,
    "7,77": 1.0,
    "7,90": 1.0000000000000004,
    "7,95": 0.9999999999999999,
    "8,20": 0.9999999999999998,
    "8,37": 1.0,
    "8,48": 1.0000000000000002,
    "8,57": 1.0,
    "8,64": 1.0,
    "8,72": 1.0000000000000002,
    "8,79": 0.9999999999999998,
    "8,89": 1.0,
    "8,90": 0.8303955379795259,
    "9,10": 0.8364715257141145,
    "9,14": 1.0,
    "9,16": 0.9398294967903256,
    "9,18": 1.0000000000000002,
    "9,25": 1.0,
    "9,27": 1.0,
    "9,33": 0.9999999999999999,
    "9,35": 1.0,
    "9,37": 0.9078412990032035,
    "9,39": 1.0000000000000002,
    "9,41": 1.0000000000000002,
    "9,48": 1.0000000000000002,
    "9,51": 0.8942947127068099,
    "9,55": 0.9999999999999999,
    "9,59": 0.9999999999999998,
    "9,63": 0.9907553482141905,
    "9,72": 1.0000000000000002,
    "9,80": 0.9999999999999998,
    "9,89": 1.0,
    "9,97": 1.0,
    "9,98": 1.0,
    "10,13": 0.9999999999999998,
    "10,14": 1.0,
    "10,16": 1.0,
    "10,21": 1.0,
    "10,26": 1.0000000000000002,
    "10,31": 0.9999999999999999,
    "10,35": 1.0,
    "10,37": 1.0000000000000002,
    "10,41": 1.0000000000000002,
    "10,46": 1.0000000000000002,
    "10,52": 1.0,
    "10,59": 1.0,
    "10,64": 0.9999999999999999,
    "10,75": 1.0000000000000002,
    "10,76": 0.9484529120670652,
    "10,82": 1.0,
    "10,92": 1.0,
    "10,95": 0.9999999999999998,
    "10,97": 1.0000000000000002,
    "11,17": 1.0,
    "11,19": 1.0,
    "11,35": 1.0,
    "11,38": 1.0,
    "11,46": 0.9999999999999999,
    "11,51": 1.0,
    "11,54": 0.9901585307546451,
    "11,55": 0.9634184451008456,
    "11,60": 0.9999999999999999,
    "11,63": 0.8391750114488067,
    "11,66": 1.0,
    "11,74": 0.8392085433293582,
    "11,78": 1.0,
    "11,80": 1.0,
    "11,85": 1.0,
    "11,93": 0.9999999999999998,
    "12,21": 0.9999999999999998,
    "12,52": 1.0,
    "12,70": 0.9999999999999998,
    "13,17": 1.0,
    "13,19": 0.9999999999999998,
    "13,30": 0.9999999999999999,
    "13,45": 0.9999999999999998,
    "13,46": 1.0,
    "13,50": 1.0,
    "14,15": 1.0,
    "14,16": 1.0,
    "14,20": 0.9999999999999999,
    "14,35": 0.9999999999999998,
    "14,42": 0.9999999999999999,
    "14,46": 1.0,
    "14,56": 1.0,
    "14,57": 1.0,
    "14,63": 0.895912308964042,
    "14,64": 0.9999999999999999,
    "14,69": 0.968456126614137,
    "14,97": 0.9994948869224942,
    "14,99": 1.0,
    "15,52": 1.0,
    "15,63": 1.0,
    "15,69": 0.9999999999999999,
    "15,89": 0.9999999999999999,
    "15,93": 1.0,
    "16,21": 1.0000000000000002,
    "16,31": 1.0000000000000002,
    "16,35": 1.0,
    "16,52": 0.9999999999999998,
    "16,55": 1.0,
    "16,57": 1.0000000000000002,
    "16,65": 0.9999999999999998,
    "16,78": 0.8198447901761757,
    "16,96": 0.8443063316253195,
    "16,97": 0.9999999999999998,
    "16,98": 1.0000000000000002,
    "16,100": 1.0,
    "17,18": 1.0,
    "17,19": 1.0,
    "17,23": 0.9999999999999999,
    "17,25": 1.0,
    "17,30": 0.9999999999999998,
    "17,43": 0.9999999999999998,
    "17,48": 1.0,
    "17,50": 0.9999836621329075,
    "17,54": 0.9999999999999999,
    "17,55": 1.0,
    "17,57": 1.0,
    "17,62": 0.9999999999999998,
    "17,63": 1.0,
    "17,79": 0.9118077732527565,
    "17,88": 1.0000000000000002,
    "17,92": 1.0,
    "17,98": 0.966109434126424,
    "18,22": 0.9999999999999998,
    "18,48": 1.0,
    "18,50": 1.0,
    "18,63": 0.9999999999999998,
    "18,67": 0.9999999999999998,
    "18,78": 1.0,
    "18,79": 1.0,
    "18,95": 0.9819805060619659,
    "18,98": 0.9562188897613614,
    "19,54": 1.0,
    "19,60": 1.0,
    "19,66": 1.0,
    "19,69": 1.0,
    "19,96": 1.0,
    "20,30": 1.0,
    "20,42": 0.9999999999999998,
    "20,53": 0.9999999999999999,
    "20,62": 1.0,
    "20,63": 1.0000000000000002,
    "20,77": 0.9999999999999998,
    "20,78": 0.9999999999999999,
    "20,90": 1.0,
    "20,94": 0.9999999999999998,
    "21,22": 0.8642296308087344,
    "21,27": 1.0000000000000002,
    "21,41": 1.0000000000000002,
    "21,51": 1.0000000000000002,
    "21,52": 0.7495111905344545,
    "21,62": 0.9742742990044849,
    "21,68": 0.9999999999999998,
    "21,69": 1.0,
    "21,70": 1.0000000000000002,
    "21,73": 0.9999999999999999,
    "21,77": 1.0000000000000002,
    "21,85": 1.0000000000000002,
    "22,28": 0.9999999999999999,
    "22,32": 0.9999999999999998,
    "22,51": 1.0000000000000002,
    "22,65": 0.9999999999999999,
    "22,70": 1.0,
    "22,77": 1.0000000000000002,
    "22,79": 0.8585069371075162,
    "22,95": 0.7233419382529022,
    "23,38": 0.9999999999999998,
    "23,41": 1.0,
    "23,50": 1.0,
    "23,53": 1.0,
    "23,60": 1.0,
    "23,67": 0.9379575871490153,
    "23,69": 1.0,
    "23,78": 0.9841980012828172,
    "23,84": 1.0,
    "23,86": 1.0,
    "23,96": 0.8064945057105586,
    "23,97": 1.0,
    "23,99": 1.0000000000000002,
    "24,40": 0.9999999999999999,
    "24,51": 0.9987200158591861,
    "24,53": 0.9943703860969693,
    "24,55": 1.0,
    "24,71": 1.0000000000000002,
    "24,79": 1.0,
    "24,84": 1.0000000000000002,
    "24,87": 0.9999999999999999,
    "24,99": 1.0,
    "25,28": 1.0000000000000002,
    "25,39": 1.0,
    "25,51": 0.8291139240506324,
    "25,55": 1.0,
    "25,61": 1.0,
    "25,62": 1.0,
    "25,67": 0.9862413826124554,
    "25,84": 0.7502598302520351,
    "25,96": 1.0000000000000002,
    "25,98": 1.0000000000000002,
    "26,38": 0.9999999999999998,
    "26,68": 0.9999999999999999,
    "26,72": 1.0000000000000002,
    "26,76": 1.0,
    "26,88": 0.9999999999999999,
    "26,92": 1.0,
    "27,31": 1.0,
    "27,36": 1.0,
    "27,37": 1.0,
    "27,46": 1.0000000000000002,
    "27,56": 1.0000000000000002,
    "27,64": 1.0000000000000002,
    "27,74": 0.9999999999999999,
    "27,86": 1.0,
    "27,98": 1.0,
    "28,49": 0.7882549635907405,
    "28,61": 0.9885224678702866,
    "28,63": 0.9999999999999999,
    "28,66": 1.0,
    "28,93": 1.0000000000000002,